"","StackID","sampleNUM","symClade","symTreat","hostStage","timepoint","confocal","Edu","size","offscreen","sym.count","damage","stage","filter","notes","sym.size","Edu.size","Edu.size.simple","Edu.size.quantnorm","Edu.simple","Edu.quantnorm","sym.count.log","Edu.size.sqrt"
"1","101A",101,"B","32","larv","9","old",5247.956,313434.823,"no",415,"","larv","","",0.00132403922457589,0.0167433725128876,0.00433103073799741,0.0221801047554048,-380.79211998384,6968.55504121965,2.61804809671209,0.12939618430575
"2","101B",101,"B","32","larv","9","old",3318.489,301387.883,"no",97,"","larv","","",0.000321844392131717,0.0110106914948535,-0.00140165028003673,0.016068553197547,-2310.25911998384,5729.2368715415,1.98677173426624,0.104931842139808
"3","101F",101,"B","32","larv","9","new",NA,260655.775,"no",NA,"","larv","","",NA,NA,NA,NA,NA,NA,NA,NA
"4","102E",102,"B","32","larv","9","new",36424.52,253202.005,"no",443,"","larv","","",0.00174959120090696,0.143855574919322,0.156267916694212,0.165662791836793,42053.2681199838,51829.0679417249,2.64640372622307,0.379282974729056
"5","102F",102,"B","32","larv","9","new",31756.65,265556.696,"no",331,"","larv","","",0.00124643816174005,0.119585197731184,0.131997539506075,0.137202889049218,37385.3981199838,43701.4298951049,2.51982799377572,0.345810927720892
"6","102G",102,"B","32","larv","9","new",28176.85,311783.059,"no",443,"","larv","","",0.00142085975235749,0.090373255334569,0.102785597109459,0.11206415504605,33805.5981199838,35269.1762997003,2.64640372622307,0.300621448560426
"7","102H",102,"B","32","larv","9","new",30495.89,324044.53,"no",301,"","larv","","",0.000928884681373884,0.0941101829430665,0.106522524717957,0.116920970378618,36124.6381199838,37356.7966535132,2.47856649559384,0.306773830277399
"8","106B",106,"C","25","larv","9","old",7264.27,271244.338,"no",21,"","larv","","",7.74209709033632e-05,0.0267812779192464,0.0143689361443561,0.0289475549991846,1635.52188001616,8274.05659514399,1.32221929473392,0.163649863792325
"9","10B",10,"A","32","larv","3","old",52679.467,369568.627,"yes",59,"","larv","","",0.000159645585933354,0.142543125014776,0.130130783239885,0.118601614751906,47050.7188800162,42142.5182092038,1.77085201164214,0.377548837920044
"10","10C",10,"A","32","larv","3","old",30198.666,367579.186,"no?",8,"","larv","","",2.17640179441499e-05,0.0821555385891736,0.0697431968142833,0.0661022045616933,24569.9178800162,23555.2864150198,0.903089986991944,0.286627874759545
"11","10G",10,"A","32","larv","3","new",NA,343749.073,"no",6,"","larv","","6 syms",1.74545925248212e-05,NA,NA,NA,NA,NA,0.778151250383644,NA
"12","10H",10,"A","32","larv","3","new",11942.04,382773.043,"no",1,"","larv","","1 sym",2.61251417331392e-06,0.0311987487582818,0.043611090533172,0.0282484136777643,17570.7881199838,12200.8013286713,0,0.176631675410391
"13","10I",10,"A","32","larv","3","new",NA,349184.097,"no",11,"","larv","","~10 syms",3.15020073780737e-05,NA,NA,NA,NA,NA,1.04139268515823,NA
"14","118B",118,"D","25","larv","9","old",36172.5,230406.15,"no",NA,"Y","larv","","redid Edu and Hoechst, blocking out problem areas, set sym count (175) to NA",NA,0.156994507308073,0.144582165533183,0.139060133001153,30543.7518800162,29435.7466369283,NA,0.396225323910617
"15","118F",118,"D","25","larv","9","new",84806.49,234622.934,"no",225,"","larv","","ZOOMED OUT",0.000958985535489041,0.361458654335982,0.373870996110873,0.313150183999137,90435.2381199838,92346.3715,2.35218251811136,0.601214316476232
"16","118G",118,"D","25","larv","9","new",49040.66,229091.43,"no",629,"","larv","","ZOOMED OUT",0.00274562867759828,0.214065886270822,0.226478228045712,0.224423767254799,54669.4081199838,59015.516537296,2.79865064544527,0.462672547565578
"17","119D",119,"D","25","larv","9","new",6766.08,271272.144,"no",251,"","larv","","",0.000925270085969461,0.0249420375429333,0.0373543793178235,0.0193207797554702,12394.8281199838,4549.6319955045,2.39967372148104,0.157930483260621
"18","119F",119,"D","25","larv","9","new",8016.91,280013.418,"no",331,"","larv","","",0.00118208620988298,0.0286304494165347,0.041042791191425,0.0224834346574602,13645.6581199838,5637.61114235764,2.51982799377572,0.169205346891092
"19","119G",119,"D","25","larv","9","new",22830.47,271488.384,"no",642,"","larv","","maybe meta?",0.00236474205835635,0.0840937268240545,0.0965060685989447,0.102946336135279,28459.2181199838,29843.7577512488,2.80753502806885,0.289989183977704
"20","126A",126,"D","32","larv","9","old",2420.967,295549.846,"no",12,"","larv","","",4.0602288116232e-05,0.00819139997115749,-0.00422094180373274,0.0139616113125762,-3207.78111998384,4851.53564793902,1.07918124604762,0.0905063532088079
"21","126B",126,"D","32","larv","9","old",2063.199,281882.952,"no",365,"","larv","","",0.0012948636922179,0.00731934650663088,-0.00509299526825935,0.0128516469887505,-3565.54911998384,3970.05786363636,2.56229286445647,0.0855531794069097
"22","126C",126,"D","32","larv","9","old",1631.671,288712.263,"no",106,"","larv","","",0.00036714754994664,0.00565154726385834,-0.00676079451103189,0.0076580308851546,-3997.07711998384,2272.55544071146,2.02530586526477,0.0751767734334105
"23","126F",126,"D","32","larv","9","new",8706.13,446205.36,"no",219,"Y","larv","","redid Edu and size, blocking out problem areas",0.000490805399558625,0.0195114868185358,0.031923828593426,0.013715565814534,14334.8781199838,7050.43405794206,2.34044411484012,0.139683523790516
"24","126G",126,"D","32","larv","9","new",2254.09,466757.289,"no",591,"","larv","","lots of syms but Edu looks low",0.00126618269050749,0.00482925506065316,0.0172415968355434,0.00338634072613016,7882.83811998384,1587.52409307359,2.77158748088126,0.06949284179434
"25","126H",126,"D","32","larv","9","new",5668.84,404267.113,"no",557,"Y","larv","","damage but I think useable",0.00137780190890769,0.0140225109035768,0.026434852678467,0.0105735420577872,11297.5881199838,3764.20945604396,2.74585519517373,0.118416683383621
"26","127B",127,"D","32","larv","9","old",692.099,274574.549,"no",141,"","larv","","",0.000513521739409285,0.00252062327888955,-0.00989171849600068,0.0041504595954027,-4936.64911998384,1118.5495,2.14921911265538,0.0502058092145675
"27","127C",127,"D","32","larv","9","old",1659.245,228137.718,"no",133,"","larv","","",0.000582981197348524,0.00727299726913197,-0.00513934450575826,0.0107385796690908,-3969.50311998384,3436.85026397516,2.12385164096709,0.0852818695217921
"28","127D",127,"D","32","larv","9","new",2545.97,241198.799,"no",46,"","larv","","looks faded/low",0.000190714050777674,0.0105554837360529,0.0229678255109432,0.00844489744659051,8174.71811998384,2003.69102997003,1.66275783168157,0.102739883862368
"29","127E",127,"D","32","larv","9","new",1545,273479.621,"no",57,"","larv","","looks faded/low",0.000208425036540474,0.00564941546412338,0.0180617572390136,0.00441421234677336,7173.74811998384,1118.5495,1.75587485567249,0.0751625935164785
"30","127F",127,"D","32","larv","9","new",NA,325494.786,"no",22,"","larv","","looks faded/low",6.75894083292628e-05,NA,NA,NA,NA,NA,1.34242268082221,NA
"31","127G",127,"D","32","larv","9","new",1574.8,291029.41,"no",61,"Y","larv","","looks faded/low",0.000209600809760086,0.00541113697065874,0.017823478745549,0.00384530678228988,7203.54811998384,1161.13766067266,1.78532983501077,0.0735604307400299
"32","127I",127,"D","32","larv","9","new",3619.53,391360.745,"no",151,"Y","larv","","damage but usable?",0.000385833280238671,0.00924857703855812,0.0216609188134484,0.00704758232298764,9248.27811998384,2641.57462121212,2.17897694729317,0.096169522399553
"33","13A",13,"B","25","larv","3","old",39320.031,371602.875,"yes",46,"","larv","","",0.00012378806272691,0.105811966605479,0.0933996248305888,0.079912284016899,33691.2828800162,31808.8663526256,1.66275783168157,0.325287513755876
"34","13B",13,"B","25","larv","3","old",63681.355,420639.904,"yes",68,"","larv","","",0.000161658462151037,0.151391616426386,0.138979274651496,0.132097563893315,58052.6068800162,49531.64001214,1.83250891270624,0.38909075602793
"35","13C",13,"B","25","larv","3","old",42246.975,395143.213,"yes",346,"","larv","","",0.000875631893998898,0.106915603280272,0.0945032615053817,0.081778115522602,36618.2268800162,33481.256932524,2.53907609879278,0.326979515077431
"36","13D",13,"B","25","larv","3","new",22338.39,363944.931,"no",NA,"","larv","","",NA,0.0613784891538989,0.0737908309287892,0.0849744827877212,27967.1381199838,29256.9070064935,NA,0.247746824710023
"37","13F",13,"B","25","larv","3","new",18860.98,349889.359,"no",113,"","larv","","",0.000322959235808026,0.0539055547556678,0.066317896530558,0.0750744021164783,24489.7281199838,26030.1117004662,2.05307844348342,0.232175698029892
"38","13G",13,"B","25","larv","3","new",NA,370683.505,"no",38,"","larv","","",0.000102513328722302,NA,NA,NA,NA,NA,1.57978359661681,NA
"39","13H",13,"B","25","larv","3","new",NA,348938.058,"no",NA,"","larv","","",NA,NA,NA,NA,NA,NA,NA,NA
"40","14A",14,"B","25","larv","3","old",59309.552,413771.99,"yes",48,"","larv","","",0.000116005919105351,0.143338731072637,0.130926389297747,0.122832008803251,53680.8038800162,46211.5503732355,1.68124123737559,0.378601018319599
"41","14B",14,"B","25","larv","3","old",72093.388,392330.698,"no?",15,"","larv","","",3.82330520565077e-05,0.183756683755601,0.17134434198071,0.154526690460102,66464.6398800162,67185.6875403727,1.17609125905568,0.428668501007014
"42","14C",14,"B","25","larv","3","old",36126.313,339274.116,"no",44,"","larv","","",0.000129688643857523,0.106481194103237,0.0940688523283464,0.0807413153242925,30497.5648800162,28932.407215415,1.64345267648619,0.326314563118529
"43","14D",14,"B","25","larv","3","new",33518.78,520471.942,"no",48,"","larv","","",9.22239915864667e-05,0.0644007434314298,0.07681308520632,0.0886336919017787,39147.5281199838,46965.7426666667,1.68124123737559,0.253773015569878
"44","14E",14,"B","25","larv","3","new",22039.46,395755.316,"no",94,"","larv","","",0.000237520498650737,0.0556896120126912,0.0681019537875814,0.0811340132095035,27668.2081199838,29051.0561981352,1.9731278535997,0.235986465740498
"45","14F",14,"B","25","larv","3","new",13607.81,418777.323,"no",80,"","larv","","",0.000191032311460666,0.0324941424777196,0.0449064842526098,0.033531114548779,19236.5581199838,17049.9750522811,1.90308998699194,0.180261317197339
"46","14H",14,"B","25","larv","3","new",32331.25,445898.195,"no",87,"","larv","","",0.000195111801248713,0.0725081428060053,0.0849204845808955,0.0939937539689367,37959.9981199838,44931.8740562771,1.93951925261862,0.269273360743326
"47","14I",14,"B","25","larv","3","new",25060.1,460699.525,"no",21,"","larv","","",4.55828557669991e-05,0.0543957582765035,0.0668081000513938,0.0800902953177194,30688.8481199838,33865.9075582751,1.32221929473392,0.233228982496823
"48","14J",14,"B","25","larv","3","new",35073.88,600561.098,"no",56,"Y","larv","","damage but may be usable",9.32461329688058e-05,0.0584018513966417,0.070814193171532,0.0829785065679279,40702.6281199838,49002.829543956,1.7481880270062,0.24166475000844
"49","17A",17,"B","32","larv","3","old",20304.55,434260.612,"yes",8,"","larv","","",1.84221174542074e-05,0.0467566006193534,0.0343442588444632,0.04195286890842,14675.8018800162,16803.7632298137,0.903089986991944,0.216232746408479
"50","17B",17,"B","32","larv","3","old",13491.1,440652.19,"yes",29,"","larv","","",6.581154175133e-05,0.0306162100317713,0.0182038682568811,0.0314363670151536,7862.35188001616,12826.4571157538,1.46239799789896,0.174974884002737
"51","17D",17,"B","32","larv","3","new",NA,294743.687,"no",26,"","larv","","",8.82122370953445e-05,NA,NA,NA,NA,NA,1.41497334797082,NA
"52","17E",17,"B","32","larv","3","new",NA,302704.818,"no",NA,"","larv","","",NA,NA,NA,NA,NA,NA,NA,NA
"53","17F",17,"B","32","larv","3","new",NA,389310.671,"no",109,"","larv","","",0.000279982050633285,NA,NA,NA,NA,NA,2.03742649794062,NA
"54","17G",17,"B","32","larv","3","new",NA,365480.002,"no",68,"","larv","","",0.000186056691550527,NA,NA,NA,NA,NA,1.83250891270624,NA
"55","18D",18,"B","32","larv","3","new",28935.48,468563.476,"no",50,"","larv","","",0.000106709128135288,0.0617535968595213,0.0741659386344116,0.0869243098349245,34564.2281199838,35872.5304134199,1.69897000433602,0.24850270996414
"56","18E",18,"B","32","larv","3","new",24146.13,569205.311,"no",13,"","larv","","",2.28388592811285e-05,0.0424207742502951,0.0548331160251853,0.0571497158229165,29774.8781199838,31901.4222422577,1.11394335230684,0.205963040981374
"57","18F",18,"B","32","larv","3","new",19926.44,500907.647,"no",11,"","larv","","",2.19601358970669e-05,0.0397806663949772,0.0521930081698674,0.0528506712289008,25555.1881199838,27252.2214452215,1.04139268515823,0.199450912244034
"58","18G",18,"B","32","larv","3","new",29132.72,420340.155,"no",10,"","larv","","",2.37902562509166e-05,0.0693074874086203,0.0817198291835105,0.0909764873946666,34761.4681199838,36179.3762857143,1,0.263263152394368
"59","18I",18,"B","32","larv","3","new",17168.5,435916.791,"no",66,"","larv","","",0.00015140504188562,0.0393848100244434,0.0517971517993336,0.0509167668049855,22797.2481199838,23746.3099025974,1.81954393554187,0.198456065728522
"60","18J",18,"B","32","larv","3","new",20867.41,469799.199,"no",36,"","larv","","",7.66284831405172e-05,0.0444177215380906,0.0568300633129808,0.0590728240044742,26496.1581199838,28447.6917967033,1.55630250076729,0.210755122210803
"61","18K",18,"B","32","larv","3","new",30495.83,411539.938,"no",2,"","larv","","only ~2 syms",4.85979564880043e-06,0.0741017509702789,0.0865140927451691,0.0969541232449047,36124.5781199838,36762.1098286713,0.301029995663981,0.272216367932347
"62","1A",1,"apo",NA,"larv","3","old",30628.815,418502.944,"yes",0,"Y","larv","","damage but may be usable",0,0.073186617774426,0.0607742759995357,0.0581525251849858,25000.0668800162,24444.5104390175,NA,0.270530252974461
"63","1B",1,"apo",NA,"larv","3","old",61426.519,464666.106,"yes",0,"Y","larv","","damage but may be usable",0,0.132194963667094,0.119782621892204,0.110867289016367,55797.7708800162,47703.3623537549,NA,0.363586253407763
"64","1D",1,"apo",NA,"larv","3","new",NA,467676.911,"no",0,"","larv","","weird vertical position, lots of slices, ZOOMED OUT",0,NA,NA,NA,NA,NA,NA,NA
"65","1E",1,"apo",NA,"larv","3","new",NA,416638.688,"no",0,"","larv","","ZOOMED OUT",0,NA,NA,NA,NA,NA,NA,NA
"66","1F",1,"apo",NA,"larv","3","new",NA,233048.812,"no",0,"","larv","","ZOOMED OUT",0,NA,NA,NA,NA,NA,NA,NA
"67","21H",21,"C","25","larv","3","new",10497.93,318085.33,"no",1,"","larv","","",3.14381049889978e-06,0.0330035025507149,0.0454158443256052,0.0379705795327769,16126.6781199838,9766.25431135531,0,0.181668661443615
"68","25C",25,"C","32","larv","3","old",772.062,397268.455,"yes",1,"Y","larv","","very very little damage",2.51718954126373e-06,0.00194342639160716,-0.0104689153832831,0.00338634072613016,-4856.68611998384,1434.36952060983,0,0.0440843100389147
"69","27A",27,"D","25","larv","3","old",20601.656,179886.539,"no",22,"","larv","","",0.000122299312234808,0.114525834531732,0.102113492756842,0.0931381511658149,14972.9078800162,17274.6699988707,1.34242268082221,0.338416658177065
"70","27B",27,"D","25","larv","3","old",33346.199,334269.494,"no",69,"","larv","","",0.000206420272380584,0.0997584272527124,0.0873460854778222,0.0769502070670201,27717.4508800162,26172.1992346132,1.83884909073726,0.315845575008915
"71","27D",27,"D","25","larv","3","new",14944.98,303002.052,"no",36,"","larv","","",0.000118811076566571,0.0493230323073852,0.0617353740822754,0.0655294326482329,20573.7281199838,19648.8643106893,1.55630250076729,0.222087893203086
"72","27E",27,"D","25","larv","3","new",31306.6,362470.987,"no",43,"","larv","","",0.000118630184324242,0.0863699471759377,0.0987822889508279,0.108516408490169,36935.3481199838,40351.817529304,1.63346845557959,0.293887643795954
"73","27F",27,"D","25","larv","3","new",17004.22,312604.464,"no",113,"","larv","","",0.000361479163010289,0.0543953204711754,0.0668076622460656,0.0786972849147805,22632.9681199838,22981.534044289,2.05307844348342,0.233228043920913
"74","27G",27,"D","25","larv","3","new",9881.31,341683.718,"no",32,"","larv","","",9.36538626637164e-05,0.0289194640524252,0.0413318058273155,0.0233788789087366,15510.0581199838,8539.64123543123,1.50514997831991,0.170057237577309
"75","27H",27,"D","25","larv","3","new",23335.27,409543.769,"no",71,"","larv","","",0.000173363643581646,0.056978696213542,0.0693910379884322,0.0820383438172185,28964.0181199838,30759.6955427905,1.85125834871908,0.238702107685588
"76","27I",27,"D","25","larv","3","new",12919.5,384524.399,"no",37,"","larv","","",9.62227627069251e-05,0.0335986481835708,0.046010989958461,0.0395935069056052,18548.2481199838,15093.0522082917,1.56820172406699,0.18329934037953
"77","28A",28,"D","25","larv","3","old",33912.148,460236.395,"no",126,"","larv","","",0.000273772351271785,0.0736841944018791,0.0612718526269888,0.0592621574507368,28283.3998800162,26700.5944505929,2.10037054511756,0.271448327314572
"78","28C",28,"D","25","larv","3","old",43269.957,385733.006,"yes",20,"","larv","","",5.18493353923672e-05,0.112175925645315,0.0997635838704252,0.0872859528499038,37641.2088800162,36970.964257764,1.30102999566398,0.334926746685474
"79","28E",28,"D","25","larv","3","new",18060.97,319226.131,"no",29,"","larv","","may have been imaged by Jun previously but doing over",9.08446934126455e-05,0.0565773545649996,0.0689896963398898,0.0817007156378174,23689.7181199838,24303.4434618715,1.46239799789896,0.237859947374499
"80","28F",28,"D","25","larv","3","new",14145.73,365272.932,"no",12,"","larv","","may have been imaged by Jun previously but doing over",3.28521468434458e-05,0.0387264665973114,0.0511388083722016,0.0488897374654214,19774.4781199838,18294.8181118881,1.07918124604762,0.196790412869406
"81","28G",28,"D","25","larv","3","new",7780.04,384399.053,"no",109,"","larv","","may have been imaged by Jun previously but doing over",0.000283559491495417,0.0202394879469175,0.0326518297218077,0.0156833443007237,13408.7881199838,5203.64969180819,2.03742649794062,0.142265554323306
"82","28H",28,"D","25","larv","3","new",10028.78,274699.885,"no",13,"","larv","","may have been imaged by Jun previously but doing over",4.73243736523588e-05,0.0365081332305618,0.048920475005452,0.0418168862322664,15657.5281199838,8751.55405694306,1.11394335230684,0.19107101619702
"83","2A",2,"apo",NA,"larv","3","old",18306.149,412441.56,"no",0,"","larv","","",0,0.0443848311503816,0.0319724893754914,0.0386908210586018,12677.4008800162,15619.4717140034,NA,0.210677077895014
"84","2B",2,"apo",NA,"larv","3","old",49340.297,436156.302,"yes",0,"","larv","","",0,0.113125264437885,0.100712922662995,0.0908960049235063,43711.5488800162,40389.5930031056,NA,0.336340994286877
"85","2D",2,"apo",NA,"larv","3","new",20013.4,438008.896,"no",0,"","larv","","step size was set too small! 2.something",0,0.0456917660412084,0.0581041078160987,0.0624398479780156,25642.1481199838,27912.1711924742,NA,0.213756323979452
"86","2E",2,"apo",NA,"larv","3","new",15420.54,384910.002,"no",0,"","larv","","step size was set too small! 2.something",0,0.0400627157514083,0.0524750575262985,0.0548996465071509,21049.2881199838,20219.3864157509,NA,0.20015672796938
"87","2F",2,"apo",NA,"larv","3","new",11082.47,290104.852,"no",0,"","larv","","step size was set too small! 2.something",0,0.0382016016746938,0.050613943449584,0.0457093993189645,16711.2181199838,11070.960974359,NA,0.195452300254292
"88","2G",2,"apo",NA,"larv","3","new",15557.02,344154.044,"no",0,"","larv","","step size was set too small! 2.something",0,0.0452036530478776,0.0576159948227678,0.0616178213243801,21185.7681199838,20730.2538271728,NA,0.212611507327044
"89","2I",2,"apo",NA,"larv","3","new",8719.12,441749.706,"no",0,"","larv","","",0,0.0197376928192002,0.0321500345940904,0.0144106726742663,14347.8681199838,7720.31625974026,NA,0.140490899417721
"90","2J",2,"apo",NA,"larv","3","new",13411.82,407789.723,"no",0,"","larv","","",0,0.0328890583640334,0.0453014001389236,0.0356974441463725,19040.5681199838,16785.1607838828,NA,0.181353407368137
"91","31A",31,"D","32","larv","3","old",38393.556,349653.538,"no",49,"","larv","","",0.000140138722119837,0.109804568887274,0.0973922271123835,0.0856096494321435,32764.8078800162,30909.4952806324,1.69019608002851,0.331367724570867
"92","31F",31,"D","32","larv","3","new",NA,337228.822,"no",6,"","larv","","1.2x zoom",1.77920735375341e-05,NA,NA,NA,NA,NA,0.778151250383644,NA
"93","31G",31,"D","32","larv","3","new",12124.08,385271.393,"no",18,"","larv","","1.2x zoom",4.67203128159583e-05,0.0314689339003169,0.0438812756752071,0.0299843942661463,17752.8281199838,13340.2497708958,1.25527250510331,0.177394853082937
"94","31H",31,"D","32","larv","3","new",24554.85,351547.255,"no",24,"","larv","","1.2x zoom",6.82696270804333e-05,0.0698479355214991,0.0822602772963893,0.0920509560403489,30183.5981199838,32918.5209242424,1.38021124171161,0.264287600014641
"95","31I",31,"D","32","larv","3","new",NA,350428.812,"no",41,"","larv","","",0.000116999512015011,NA,NA,NA,NA,NA,1.61278385671974,NA
"96","32B",32,"D","32","larv","3","old",42716.416,453107.91,"yes",1,"","larv","","",2.20697978986948e-06,0.0942742668076574,0.0818619250327671,0.0741701052198216,37087.6678800162,35543.9265911914,0,0.307041148394897
"97","32C",32,"D","32","larv","3","old",26379.026,422043.404,"yes",23,"","larv","","",5.44967645081358e-05,0.0625031116467822,0.050090769871892,0.0513532351725817,20750.2778800162,20951.2615629588,1.36172783601759,0.250006223216108
"98","32D",32,"D","32","larv","3","new",13305.23,453110.51,"no",70,"","larv","","",0.000154487698817668,0.0293642052134257,0.041776546988316,0.0250225447458391,18933.9781199838,16172.4291328671,1.84509804001426,0.171359870487304
"99","32E",32,"D","32","larv","3","new",15622.74,393114.348,"no",12,"","larv","","",3.05254693985374e-05,0.0397409559826089,0.0521532977574991,0.0512316005562579,21251.4881199838,21056.0346610057,1.07918124604762,0.199351338050711
"100","32F",32,"D","32","larv","3","new",15363.15,478272.605,"no",1,"","larv","","",2.09085778601097e-06,0.0321221617951545,0.0445345035700447,0.0315143403911263,20991.8981199838,20014.2765384615,0,0.179226565539695
"101","32G",32,"D","32","larv","3","new",35453.97,576723.38,"no",2,"","larv","","",3.4678670387873e-06,0.0614748269785768,0.073887168753467,0.0859543492688203,41082.7181199838,50178.7351448551,0.301029995663981,0.24794117644832
"102","32H",32,"D","32","larv","3","new",24030.25,447427.04,"no",20,"","larv","","",4.47000252823343e-05,0.0537076391270407,0.0661199809019309,0.0738314456515058,29658.9981199838,31407.8853717949,1.30102999566398,0.231749086572182
"103","5B",5,"A","25","larv","3","old",24542.62,315011.348,"no",20,"","larv","","maybe meta but hard to tell",6.34897762476798e-05,0.0779102726165916,0.0654979308417013,0.0615374430006558,18913.8718800162,19718.9766685488,1.30102999566398,0.279124116866658
"104","5D",5,"A","25","larv","3","new",13966.94,272088.2,"no",16,"","larv","","",5.8804461200449e-05,0.0513323988324374,0.0637447406073277,0.072392431025657,19595.6881199838,17465.3371788212,1.20411998265592,0.226566543938944
"105","5G",5,"A","25","larv","3","new",NA,380734.442,"no",52,"","larv","","",0.00013657813495108,NA,NA,NA,NA,NA,1.7160033436348,NA
"106","5I",5,"A","25","larv","3","new",NA,366740.763,"no",12,"","larv","","",3.27206605064515e-05,NA,NA,NA,NA,NA,1.07918124604762,NA
"107","69A",69,"apo",NA,"larv","9","old",26726.454,304760.833,"no",0,"","larv","","",0,0.0876964855913752,0.075284143816485,0.0694735942717359,21097.7058800162,21393.6073636364,NA,0.296135924182419
"108","69B",69,"apo",NA,"larv","9","old",35867.81,384718.984,"no",0,"","larv","","",0,0.093231193394917,0.0808188516200268,0.0721368697501355,30239.0618800162,27967.1945093168,NA,0.305337834856601
"109","69C",69,"apo",NA,"larv","9","old",43087.971,359569.033,"no",0,"","larv","","",0,0.119832263197148,0.107419921422258,0.0987675521027737,37459.2228800162,36160.5451335404,NA,0.346167969629121
"110","69D",69,"apo",NA,"larv","9","new",34073.39,338343.084,"no",0,"","larv","","",0,0.100706624758436,0.113118966533326,0.122283012018227,39702.1381199838,47887.116452714,NA,0.317343071073619
"111","69E",69,"apo",NA,"larv","9","new",NA,275353.952,"no",0,"","larv","","",0,NA,NA,NA,NA,NA,NA,NA
"112","69F",69,"apo",NA,"larv","9","new",16972.9,332700.989,"no",0,"","larv","","",0,0.0510154780453628,0.0634278198202531,0.0677128929851212,22601.6481199838,21936.6005068265,NA,0.225866062181468
"113","69G",69,"apo",NA,"larv","9","new",18355.91,358159.185,"no",0,"","larv","","",0,0.0512507029520966,0.0636630447269868,0.0694735942717359,23984.6581199838,25676.996,NA,0.226386181009567
"114","69H",69,"apo",NA,"larv","9","new",NA,248572.339,"no",0,"","larv","","",0,NA,NA,NA,NA,NA,NA,NA
"115","69I",69,"apo",NA,"larv","9","new",NA,297648.786,"no",0,"","larv","","",0,NA,NA,NA,NA,NA,NA,NA
"116","6C",6,"A","25","larv","3","old",26727.62,386690.502,"yes",33,"","larv","","",8.53395669904507e-05,0.0691188944692518,0.0567065526943616,0.0545360649348622,21098.8718800162,21866.3633540373,1.51851393987789,0.262904725079736
"117","6F",6,"A","25","larv","3","new",5911.06,311551.537,"no",1,"","larv","","1 sym",3.20974182836402e-06,0.0189729765319694,0.0313853183068596,0.0131324782992541,11539.8081199838,4032.43388927739,0,0.1377424282201
"118","6G",6,"A","25","larv","3","new",8583.87,219493.849,"no",2,"","larv","","2-3 syms",9.11187265206689e-06,0.0391075651509487,0.051519906925839,0.0502460824395381,14212.6181199838,6398.37274358974,0.301029995663981,0.197756327714055
"119","6H",6,"A","25","larv","3","new",5166.06,316227.813,"no",37,"","larv","","",0.000117004256042463,0.0163365137019115,0.0287488554768017,0.0118278646768832,10794.8081199838,3382.4021010656,1.56820172406699,0.127814372047558
"120","6I",6,"A","25","larv","3","new",15837.53,292690.757,"no",22,"","larv","","",7.51646557803669e-05,0.0541101132209652,0.0665224549958554,0.0767959335043874,21466.2781199838,21285.7489020979,1.34242268082221,0.232615806042851
"121","70A",70,"apo",NA,"larv","9","old",11030.84,297862.588,"no",0,"","larv","","",0,0.0370333181957044,0.0246209764208142,0.034912556596675,5402.09188001616,11017.3386086957,NA,0.19244042765413
"122","70B",70,"apo",NA,"larv","9","old",7466.946,406708.303,"no",0,"","larv","","",0,0.0183594628998759,0.00594712112498571,0.0239380803928857,1838.19788001616,8865.99410671937,NA,0.135497095540369
"123","70D",70,"apo",NA,"larv","9","new",18303.19,336477.158,"no",0,"","larv","","",0,0.0543965305365543,0.0668088723114445,0.0803978461685449,23931.9381199838,24950.8070194805,NA,0.23323063807432
"124","70E",70,"apo",NA,"larv","9","new",16847.58,362898.117,"no",0,"","larv","","",0,0.0464250962206012,0.0588374379954915,0.0634561819393498,22476.3281199838,21758.1191538462,NA,0.215464837550356
"125","70F",70,"apo",NA,"larv","9","new",19039.01,431214.536,"no",0,"","larv","","",0,0.0441520598461458,0.056564401621036,0.0586789912703732,24667.7581199838,26242.082962038,NA,0.210123915455014
"126","70G",70,"apo",NA,"larv","9","new",19063.47,371533.946,"no",0,"","larv","","",0,0.0513101701883251,0.0637225119632154,0.0711351215051635,24692.2181199838,26437.5852942058,NA,0.226517483184687
"127","70H",70,"apo",NA,"larv","9","new",61540.4,329434.472,"no",NA,"","larv","","",NA,0.186806194343863,0.199218536118754,0.20417043553152,67169.1481199838,72656.4730675991,NA,0.432210821641318
"128","77D",77,"A","25","larv","9","new",NA,169751.11,"no",135,"","larv","","",0.0007952819866686,NA,NA,NA,NA,NA,2.13033376849501,NA
"129","77F",77,"A","25","larv","9","new",NA,352782.996,"no",175,"","larv","","",0.000496055654564485,NA,NA,NA,NA,NA,2.24303804868629,NA
"130","78B",78,"A","25","larv","9","old",56605.27,442000.86,"yes",460,"Y","larv","","redid Edu and size blocking out damage",0.00104072195696633,0.12806597254132,0.11565363076643,0.10626707563652,50976.5218800162,44274.8349604743,2.66275783168157,0.357863063952289
"131","78E",78,"A","25","larv","9","new",60161.21,334149.717,"no",101,"","larv","","",0.000302259720303758,0.180042678294413,0.192455020069303,0.193310188548899,65789.9581199838,65947.4378553113,2.00432137378264,0.42431436258323
"132","78F",78,"A","25","larv","9","new",NA,211437.206,"no",183,"","larv","","bubble or something causing shadow",0.000865505194010178,NA,NA,NA,NA,NA,2.26245108973043,NA
"133","78G",78,"A","25","larv","9","new",37561.5,312486.028,"no",329,"","larv","","",0.00105284707321378,0.120202174287293,0.132614516062183,0.142366317766309,43190.2481199838,52762.7674835165,2.51719589794997,0.346701852154403
"134","78H",78,"A","25","larv","9","new",31573.27,373421.266,"no",647,"","larv","","",0.00173262762169523,0.0845513442183017,0.0969636859931919,0.10616004543848,37202.0181199838,41383.2912422577,2.8109042806687,0.290777138403798
"135","85C",85,"A","32","larv","9","old",99886.253,417293.838,"no",195,"","larv","","",0.000467296619894013,0.239366709747581,0.226954367972691,0.229260480654588,94257.5048800162,92346.3715,2.29003461136252,0.489251172453966
"136","85D",85,"A","32","larv","9","new",14219.09,315445.378,"no",32,"","larv","","",0.000101443870260163,0.0450762350367993,0.0574885768116895,0.0603379548956696,19847.8381199838,18935.2674675325,1.50514997831991,0.212311646022538
"137","85E",85,"A","32","larv","9","new",NA,337344.409,"no",552,"","larv","","",0.00163630991139385,NA,NA,NA,NA,NA,2.7419390777292,NA
"138","85G",85,"A","32","larv","9","new",33135.08,290751.279,"no",47,"","larv","","",0.000161650191743439,0.113963660328387,0.126376002103277,0.132930431247687,38763.8281199838,46083.9062327672,1.67209785793572,0.337585041624161
"139","85H",85,"A","32","larv","9","new",NA,262586.649,"no",15,"","larv","","weird shape, probably not useable",5.71240009997614e-05,NA,NA,NA,NA,NA,1.17609125905568,NA
"140","86A",86,"A","32","larv","9","old",24854.203,398252.146,"no",194,"Y","larv","","",0.000487128574066742,0.0624082085925533,0.0499958668176631,0.0507203322912034,19225.4548800162,20146.7673102767,2.28780172993023,0.249816349730264
"141","86B",86,"A","32","larv","9","old",69776.511,360881.54,"no",54,"","larv","","",0.000149633588905656,0.193350180782314,0.180937839007424,0.174317341431936,64147.7628800162,61402.6516106719,1.73239375982297,0.439716022885583
"142","86D",86,"A","32","larv","9","new",40455.14,375883.188,"no",174,"","larv","","maybe meta",0.00046290976972346,0.107626893916841,0.120039235691731,0.127517731675349,46083.8881199838,54365.9255424575,2.2405492482826,0.328065380552171
"143","86F",86,"A","32","larv","9","new",31038.4,257218.101,"no",99,"","larv","","",0.000384887376180419,0.120669579159983,0.133081920934873,0.151164829696686,36667.1481199838,38826.1123569764,1.99563519459755,0.347375271370866
"144","86G",86,"A","32","larv","9","new",31085.71,322159.97,"no",39,"","larv","","",0.000121057870721803,0.0964915349352683,0.108903876710159,0.119753128351776,36714.4581199838,39674.7881153846,1.5910646070265,0.310630866037598
"145","93A",93,"B","25","larv","9","old",47555.592,444134.056,"yes",543,"","larv","","",0.00122260383473048,0.107074860298486,0.0946625185235959,0.0827925138842035,41926.8438800162,39251.5618610954,2.73479982958885,0.327222951973858
"146","93B",93,"B","25","larv","9","old",67856.006,315276.744,"no",307,"Y","larv","","damage but may be usable",0.000973747686254968,0.215226804042356,0.202814462267466,0.199764768818065,62227.2578800162,54041.6012546584,2.48713837547719,0.463925429398256
"147","93D",93,"B","25","larv","9","new",NA,211173.593,"no",89,"","larv","","",0.00042145421089653,NA,NA,NA,NA,NA,1.94939000664491,NA
"148","93E",93,"B","25","larv","9","new",NA,333698.136,"no",NA,"","larv","","only one sym if any",NA,NA,NA,NA,NA,NA,NA,NA
"149","93G",93,"B","25","larv","9","new",31590.08,202233.65,"no",NA,"Y","larv","","some damage, maybe meta, blocked out damage",NA,0.156205853971384,0.168618195746274,0.175664083423821,37218.8281199838,42445.7349695305,NA,0.39522886277622
"150","94A",94,"B","25","larv","9","old",67841.53,256158.779,"no",93,"","larv","","",0.000363056071562552,0.264841713662291,0.2524293718874,0.313150183999137,62212.7818800162,52112.094541502,1.96848294855394,0.514627742802786
"151","94D",94,"B","25","larv","9","new",55551.41,240690.675,"no",NA,"","larv","","",NA,0.23080000918191,0.2432123509568,0.241029802466436,61180.1581199838,62897.1095444555,NA,0.48041649553477
"152","9A",9,"A","32","larv","3","old",23095.69,395045.68,"yes",10,"Y","larv","","redid Edu and Hoechst, blocking out problem areas",2.53135282988033e-05,0.0584633402395389,0.0460509984646486,0.0483949599203225,17466.9418800162,18610.0515697346,1,0.241791935844723
"153","9B",9,"A","32","larv","3","old",32998.082,413066.793,"yes",11,"","larv","","",2.66300757805046e-05,0.079885584024664,0.0674732422497738,0.0630211792584886,27369.3338800162,25676.996,1.04139268515823,0.282640379324441
"154","9E",9,"A","32","larv","3","new",NA,377145.744,"no",5,"","larv","","only a few syms, very large so had to zoom out to 1X",1.32574742776363e-05,NA,NA,NA,NA,NA,0.698970004336019,NA
"155","9F",9,"A","32","larv","3","new",NA,392305.169,"no",13,"","larv","","",3.31374680408557e-05,NA,NA,NA,NA,NA,1.11394335230684,NA
